reporting_period,commitments,milestones,indicators,status,progress_en,progress_fr,evidence_en,evidence_fr,challenges_en,challenges_fr
INVALID,C01,C01.1,C01.1.1,SP,"- Open government learning materials for teachers have been drafted
- Initiating call for proposals to find contractor who can ensure materials are presented in a useful format for teachers and educators
","- Des matériels d'apprentissage sur le gouvernement ouvert pour les enseignants ont été rédigés
- Lancer un appel à propositions pour trouver un contractant capable de garantir que le matériel est présenté dans un format utile pour les enseignants et les éducateurs.
",Materials are drafted and posted at [link],Les documents sont rédigés et publiés sur [link],"- Change of funding
- Lack of resources
","- Changement de financement
- Manque de ressources
"
